{"mean": [1.031, 1.014, 1.019, 1.033, 1.975, 1.035, 1.493, 0.497, 1.023, 1.041, 1.032, 0.485, 0.988, 0.985, 0.51], "std": [0.8222159083841665, 0.8011267065826729, 0.8140264123479041, 0.8160337002844918, 1.3872184399005083, 0.8269068871402633, 1.1242557538211668, 0.4999909999189985, 0.8015428871869553, 0.8070433693426892, 0.8215692301930495, 0.49977494935220584, 0.816, 0.80422322771728, 0.4998999899979995]}